layer,head,model,system,user,assistant
19,27,instruct,0.7792743956670165,0.17889446555636823,0.0417964868247509
19,27,base,0.8262481223791838,0.15445614379132167,0.01940857246518135
19,22,instruct,0.5661289654672146,0.37771196756511927,0.05631661415100098
19,22,base,0.8070661071687937,0.1850938219577074,0.00778675451874733
19,0,instruct,2.6496129079678354e-07,1.5664351234456753e-06,1.0000867024064064
19,0,base,2.755315480972248e-08,2.759619739355068e-07,1.0000001676380634
19,2,instruct,0.1107393295969814,0.060886532766744494,0.8286387473344803
19,2,base,0.11960086785256863,0.10658065765164793,0.7736969646066427
