component,direct_attr,total_effect_patch
attn_19,-1.7125967553583905,-6.861990054448445
mlp_19,-1.4454828968737274,-5.112724840641022
mlp_20,-1.1064867104869336,-5.39595864713192
mlp_18,-1.0953122752252966,-0.14257251719633737
attn_20,-0.8870416726567782,-2.7369343042373657
mlp_14,-0.42303117498522624,1.6649359067281086
