component,explained_ratio
1,0.6236682
2,0.2284755
3,0.045146108
4,0.025572307
5,0.016958108
6,0.016254423
7,0.009330965
8,0.005945676
9,0.004020312
10,0.0038416071
