layer,head,attn_system,attn_user,attn_assistant
19,27,0.8283132426440716,0.13177581829950213,0.039691559970378876
19,22,0.5875170193612576,0.3577650133520365,0.05500984191894531
19,0,3.45733736861753e-07,1.6406129946799908e-06,1.000347912311554
19,2,0.10465663159266114,0.05622354242950678,0.8392466306686401
