component,explained_ratio
1,0.61788154
2,0.18650731
3,0.06148596
4,0.041057177
5,0.022474235
6,0.017411038
7,0.009832388
8,0.007579733
9,0.00600794
10,0.003976217
