layer,cos_res_ai,cos_res_user,cos_res_joint
0,-0.32340243458747864,0.17243024706840515,0.3453470468521118
1,-0.16766449809074402,0.2147148698568344,0.36619633436203003
2,-0.19056780636310577,0.2760074734687805,0.4065157175064087
3,-0.2686498463153839,0.24419763684272766,0.36016079783439636
4,-0.2594183087348938,0.22221575677394867,0.34683650732040405
5,-0.2789868116378784,0.21705564856529236,0.3286350667476654
6,-0.3043268024921417,0.22493219375610352,0.33324819803237915
7,-0.2685377895832062,0.2160188853740692,0.3237627446651459
8,-0.2338694930076599,0.1951836496591568,0.31210002303123474
9,-0.23819959163665771,0.17322301864624023,0.2905174493789673
10,-0.2191651463508606,0.156942218542099,0.27293500304222107
11,-0.19374291598796844,0.14987385272979736,0.2708764672279358
12,-0.19175955653190613,0.16526558995246887,0.2806468605995178
13,-0.15572580695152283,0.18550482392311096,0.3042198121547699
14,-0.1004379540681839,0.22050923109054565,0.34454625844955444
15,-0.1354473978281021,0.03846142441034317,0.19491271674633026
16,-0.2463809847831726,-0.014166053384542465,0.11704078316688538
17,-0.23071837425231934,0.018364543095231056,0.15296097099781036
18,-0.25378045439720154,0.014478945173323154,0.14444957673549652
19,-0.24653539061546326,0.0036019515246152878,0.14698031544685364
20,-0.4154098629951477,-0.09531021118164062,0.013610897585749626
21,-0.43964651226997375,-0.1402876079082489,-0.024495163932442665
22,-0.41265609860420227,-0.14287203550338745,-0.009734365157783031
23,-0.3683217763900757,-0.14384502172470093,0.00122054573148489
24,-0.4031115472316742,-0.16771730780601501,-0.031902752816677094
25,-0.37276366353034973,-0.152963325381279,-0.011392660439014435
26,-0.35793837904930115,-0.12509788572788239,0.02027122862637043
27,-0.3041509985923767,-0.09572272002696991,0.05796932801604271
28,-0.35856208205223083,-0.09448942542076111,0.0027854815125465393
