component,explained_ratio
1,0.61027426
2,0.22622797
3,0.046932355
4,0.029586758
5,0.024076613
6,0.015851147
7,0.010064954
8,0.0061698933
9,0.004413598
10,0.0041231285
