component,explained_ratio
1,0.655793
2,0.19047686
3,0.052975785
4,0.034039702
5,0.017053088
6,0.009296801
7,0.0064295717
8,0.005884761
9,0.005350297
10,0.003914317
