Layer,Breakthrough_Coef,Score_Jump,Before_Score,After_Score,Pct_Change
15,2.5,37.03657654407471,2.3496422866036313,39.386218830678345,1676.2644703509516
17,2.5,28.49794880447429,14.870541885901025,43.36849069037532,291.6402846858836
19,2.0,33.231761895344725,7.27973720139829,40.511499096743016,556.4967247576133
20,2.0,36.13301499902306,17.935508061004956,54.06852306002802,301.460783135454
