component,explained_ratio
1,0.6164395
2,0.23233727
3,0.047669258
4,0.02160891
5,0.021242261
6,0.015364857
7,0.010175645
8,0.0062642526
9,0.004208156
10,0.003575708
