layer,cosine_similarity
0,0.025238883
1,0.20580727
2,0.20198576
3,0.18041995
4,0.17816894
5,0.20021138
6,0.18604441
7,0.24400115
8,0.25131863
9,0.27480206
10,0.30535692
11,0.2997881
12,0.33656073
13,0.35256517
14,0.36205474
15,0.2648275
16,0.31302226
17,0.32142732
18,0.34728298
19,0.3743275
20,0.32036728
21,0.34823516
22,0.33644685
23,0.31281328
24,0.33789343
25,0.35580713
26,0.3681756
27,0.40535343
28,0.34526882
