layer,divergence_norm
0,0.9329922
1,0.90834033
2,0.92000824
3,0.9144029
4,0.9162827
5,0.9072194
6,0.90893376
7,0.90925926
8,0.8997813
9,0.8937849
10,0.89194536
11,0.8780972
12,0.8869187
13,0.8836055
14,0.8763454
15,0.845006
16,0.8673075
17,0.87126046
18,0.8823252
19,0.8887592
20,0.9012056
21,0.9109382
22,0.9091968
23,0.8996512
24,0.90766376
25,0.9056837
26,0.90917
27,0.90375495
28,0.9015032
