component,explained_ratio
1,0.61113507
2,0.22053695
3,0.048149627
4,0.035302386
5,0.022039993
6,0.015688734
7,0.009030771
8,0.005956596
9,0.0054448345
10,0.0039422694
