layer,divergence_norm
0,0.87382764
1,0.893108
2,0.9132846
3,0.9046939
4,0.89171696
5,0.8803487
6,0.8832246
7,0.8844183
8,0.8640293
9,0.8541319
10,0.84043056
11,0.823691
12,0.83694905
13,0.8363322
14,0.8318177
15,0.8163049
16,0.83347344
17,0.8321819
18,0.8395728
19,0.8402663
20,0.80905837
21,0.81695616
22,0.8181047
23,0.79564315
24,0.8091789
25,0.80619264
26,0.80716187
27,0.8052849
28,0.81040555
